{
  "project_info": {
    "project_number": "322463442956",
    "project_id": "flutter-app-9cdcc",
    "storage_bucket": "flutter-app-9cdcc.appspot.com"
  },
  "client": [
    {
      "client_info": {
        "mobilesdk_app_id": "1:322463442956:android:94306c8f39159e362fe629",
        "android_client_info": {
          "package_name": "com.example.appbank"
        }
      },
      "oauth_client": [
        {
          "client_id": "322463442956-f6g8l9e205i7t59c83ste572cv6lir68.apps.googleusercontent.com",
          "client_type": 3
        }
      ],
      "api_key": [
        {
          "current_key": "AIzaSyCcVUdYsi4cKP3-swn7eS_diBg0IwvkRr0"
        }
      ],
      "services": {
        "appinvite_service": {
          "other_platform_oauth_client": [
            {
              "client_id": "322463442956-f6g8l9e205i7t59c83ste572cv6lir68.apps.googleusercontent.com",
              "client_type": 3
            }
          ]
        }
      }
    }
  ],
  "configuration_version": "1"
}